mean_latency_s,p95_latency_s,mean_throughput_tok_s
44.54895,95.44684999999997,10.568666666666669
