mean_latency_s,p95_latency_s,mean_throughput_tok_s
6.097300000000001,12.543049999999997,46.260000000000005
